Nov 1 2017,Sacramento Kings,Boston Celtics
Nov 1 2017,Milwaukee Bucks,Charlotte Hornets
Nov 1 2017,Indiana Pacers,Cleveland Cavaliers
Nov 1 2017,Toronto Raptors,Denver Nuggets
Nov 1 2017,Dallas Mavericks,Los Angeles Clippers
Nov 1 2017,Orlando Magic,Memphis Grizzlies
Nov 1 2017,Chicago Bulls,Miami Heat
Nov 1 2017,Minnesota Timberwolves,New Orleans Pelicans
Nov 1 2017,Houston Rockets,New York Knicks
Nov 1 2017,Atlanta Hawks,Philadelphia 76ers
Nov 1 2017,Portland Trail Blazers,Utah Jazz
Nov 1 2017,Phoenix Suns,Washington Wizards
Nov 2 2017,Los Angeles Lakers,Portland Trail Blazers
Nov 2 2017,Golden State Warriors,San Antonio Spurs
Nov 3 2017,Houston Rockets,Atlanta Hawks
Nov 3 2017,New Orleans Pelicans,Dallas Mavericks
Nov 3 2017,Miami Heat,Denver Nuggets
Nov 3 2017,Milwaukee Bucks,Detroit Pistons
Nov 3 2017,Brooklyn Nets,Los Angeles Lakers
Nov 3 2017,Phoenix Suns,New York Knicks
Nov 3 2017,Boston Celtics,Oklahoma City Thunder
Nov 3 2017,Chicago Bulls,Orlando Magic
Nov 3 2017,Indiana Pacers,Philadelphia 76ers
Nov 3 2017,Charlotte Hornets,San Antonio Spurs
Nov 3 2017,Toronto Raptors,Utah Jazz
Nov 3 2017,Cleveland Cavaliers,Washington Wizards
Nov 4 2017,New Orleans Pelicans,Chicago Bulls
Nov 4 2017,Golden State Warriors,Denver Nuggets
Nov 4 2017,Sacramento Kings,Detroit Pistons
Nov 4 2017,Memphis Grizzlies,Los Angeles Clippers
Nov 4 2017,Dallas Mavericks,Minnesota Timberwolves
Nov 5 2017,Atlanta Hawks,Cleveland Cavaliers
Nov 5 2017,Utah Jazz,Houston Rockets
Nov 5 2017,Miami Heat,Los Angeles Clippers
Nov 5 2017,Memphis Grizzlies,Los Angeles Lakers
Nov 5 2017,Charlotte Hornets,Minnesota Timberwolves
Nov 5 2017,Indiana Pacers,New York Knicks
Nov 5 2017,Boston Celtics,Orlando Magic
Nov 5 2017,Oklahoma City Thunder,Portland Trail Blazers
Nov 5 2017,Phoenix Suns,San Antonio Spurs
Nov 5 2017,Washington Wizards,Toronto Raptors
Nov 6 2017,Boston Celtics,Atlanta Hawks
Nov 6 2017,Miami Heat,Golden State Warriors
Nov 6 2017,Brooklyn Nets,Phoenix Suns
Nov 7 2017,Milwaukee Bucks,Cleveland Cavaliers
Nov 7 2017,Brooklyn Nets,Denver Nuggets
Nov 7 2017,New Orleans Pelicans,Indiana Pacers
Nov 7 2017,Charlotte Hornets,New York Knicks
Nov 7 2017,Memphis Grizzlies,Portland Trail Blazers
Nov 7 2017,Oklahoma City Thunder,Sacramento Kings
Nov 7 2017,Los Angeles Clippers,San Antonio Spurs
Nov 7 2017,Chicago Bulls,Toronto Raptors
Nov 7 2017,Philadelphia 76ers,Utah Jazz
Nov 7 2017,Dallas Mavericks,Washington Wizards
Nov 8 2017,Los Angeles Lakers,Boston Celtics
Nov 8 2017,Indiana Pacers,Detroit Pistons
Nov 8 2017,Minnesota Timberwolves,Golden State Warriors
Nov 8 2017,New York Knicks,Orlando Magic
Nov 8 2017,Miami Heat,Phoenix Suns
Nov 9 2017,Oklahoma City Thunder,Denver Nuggets
Nov 9 2017,Cleveland Cavaliers,Houston Rockets
Nov 9 2017,Philadelphia 76ers,Sacramento Kings
Nov 9 2017,New Orleans Pelicans,Toronto Raptors
Nov 9 2017,Los Angeles Lakers,Washington Wizards
Nov 10 2017,Charlotte Hornets,Boston Celtics
Nov 10 2017,Indiana Pacers,Chicago Bulls
Nov 10 2017,Atlanta Hawks,Detroit Pistons
Nov 10 2017,Los Angeles Clippers,Oklahoma City Thunder
Nov 10 2017,Orlando Magic,Phoenix Suns
Nov 10 2017,Brooklyn Nets,Portland Trail Blazers
Nov 10 2017,Milwaukee Bucks,San Antonio Spurs
Nov 10 2017,Miami Heat,Utah Jazz
Nov 11 2017,Cleveland Cavaliers,Dallas Mavericks
Nov 11 2017,Orlando Magic,Denver Nuggets
Nov 11 2017,Philadelphia 76ers,Golden State Warriors
Nov 11 2017,Memphis Grizzlies,Houston Rockets
Nov 11 2017,Los Angeles Lakers,Milwaukee Bucks
Nov 11 2017,Los Angeles Clippers,New Orleans Pelicans
Nov 11 2017,Sacramento Kings,New York Knicks
Nov 11 2017,Minnesota Timberwolves,Phoenix Suns
Nov 11 2017,Chicago Bulls,San Antonio Spurs
Nov 11 2017,Brooklyn Nets,Utah Jazz
Nov 11 2017,Atlanta Hawks,Washington Wizards
Nov 12 2017,Toronto Raptors,Boston Celtics
Nov 12 2017,Miami Heat,Detroit Pistons
Nov 12 2017,Houston Rockets,Indiana Pacers
Nov 12 2017,Dallas Mavericks,Oklahoma City Thunder
Nov 13 2017,Orlando Magic,Golden State Warriors
Nov 13 2017,Philadelphia 76ers,Los Angeles Clippers
Nov 13 2017,Memphis Grizzlies,Milwaukee Bucks
Nov 13 2017,Atlanta Hawks,New Orleans Pelicans
Nov 13 2017,Cleveland Cavaliers,New York Knicks
Nov 13 2017,Los Angeles Lakers,Phoenix Suns
Nov 13 2017,Denver Nuggets,Portland Trail Blazers
Nov 13 2017,Minnesota Timberwolves,Utah Jazz
Nov 13 2017,Sacramento Kings,Washington Wizards
Nov 14 2017,Boston Celtics,Brooklyn Nets
Nov 14 2017,San Antonio Spurs,Dallas Mavericks
Nov 14 2017,Toronto Raptors,Houston Rockets
Nov 15 2017,Sacramento Kings,Atlanta Hawks
Nov 15 2017,Cleveland Cavaliers,Charlotte Hornets
Nov 15 2017,Philadelphia 76ers,Los Angeles Lakers
Nov 15 2017,Indiana Pacers,Memphis Grizzlies
Nov 15 2017,Washington Wizards,Miami Heat
Nov 15 2017,Detroit Pistons,Milwaukee Bucks
Nov 15 2017,San Antonio Spurs,Minnesota Timberwolves
Nov 15 2017,Toronto Raptors,New Orleans Pelicans
Nov 15 2017,Utah Jazz,New York Knicks
Nov 15 2017,Chicago Bulls,Oklahoma City Thunder
Nov 15 2017,Orlando Magic,Portland Trail Blazers
Nov 16 2017,Golden State Warriors,Boston Celtics
Nov 16 2017,Houston Rockets,Phoenix Suns
Nov 17 2017,Utah Jazz,Brooklyn Nets
Nov 17 2017,Charlotte Hornets,Chicago Bulls
Nov 17 2017,Los Angeles Clippers,Cleveland Cavaliers
Nov 17 2017,Minnesota Timberwolves,Dallas Mavericks
Nov 17 2017,New Orleans Pelicans,Denver Nuggets
Nov 17 2017,Detroit Pistons,Indiana Pacers
Nov 17 2017,Phoenix Suns,Los Angeles Lakers
Nov 17 2017,Portland Trail Blazers,Sacramento Kings
Nov 17 2017,Oklahoma City Thunder,San Antonio Spurs
Nov 17 2017,New York Knicks,Toronto Raptors
Nov 17 2017,Miami Heat,Washington Wizards
Nov 18 2017,Boston Celtics,Atlanta Hawks
Nov 18 2017,Los Angeles Clippers,Charlotte Hornets
Nov 18 2017,Milwaukee Bucks,Dallas Mavericks
Nov 18 2017,Houston Rockets,Memphis Grizzlies
Nov 18 2017,Utah Jazz,Orlando Magic
Nov 18 2017,Golden State Warriors,Philadelphia 76ers
Nov 18 2017,Sacramento Kings,Portland Trail Blazers
Nov 19 2017,Golden State Warriors,Brooklyn Nets
Nov 19 2017,Denver Nuggets,Los Angeles Lakers
Nov 19 2017,Indiana Pacers,Miami Heat
Nov 19 2017,Detroit Pistons,Minnesota Timberwolves
Nov 19 2017,Chicago Bulls,Phoenix Suns
Nov 19 2017,Washington Wizards,Toronto Raptors
Nov 20 2017,Minnesota Timberwolves,Charlotte Hornets
Nov 20 2017,Boston Celtics,Dallas Mavericks
Nov 20 2017,Cleveland Cavaliers,Detroit Pistons
Nov 20 2017,Portland Trail Blazers,Memphis Grizzlies
Nov 20 2017,Washington Wizards,Milwaukee Bucks
Nov 20 2017,Oklahoma City Thunder,New Orleans Pelicans
Nov 20 2017,Los Angeles Clippers,New York Knicks
Nov 20 2017,Indiana Pacers,Orlando Magic
Nov 20 2017,Utah Jazz,Philadelphia 76ers
Nov 20 2017,Denver Nuggets,Sacramento Kings
Nov 20 2017,Atlanta Hawks,San Antonio Spurs
Nov 21 2017,Chicago Bulls,Los Angeles Lakers
Nov 22 2017,Los Angeles Clippers,Atlanta Hawks
Nov 22 2017,Washington Wizards,Charlotte Hornets
Nov 22 2017,Brooklyn Nets,Cleveland Cavaliers
Nov 22 2017,Denver Nuggets,Houston Rockets
Nov 22 2017,Dallas Mavericks,Memphis Grizzlies
Nov 22 2017,Boston Celtics,Miami Heat
Nov 22 2017,Orlando Magic,Minnesota Timberwolves
Nov 22 2017,San Antonio Spurs,New Orleans Pelicans
Nov 22 2017,Toronto Raptors,New York Knicks
Nov 22 2017,Golden State Warriors,Oklahoma City Thunder
Nov 22 2017,Portland Trail Blazers,Philadelphia 76ers
Nov 22 2017,Milwaukee Bucks,Phoenix Suns
Nov 22 2017,Los Angeles Lakers,Sacramento Kings
Nov 22 2017,Chicago Bulls,Utah Jazz
Nov 24 2017,New York Knicks,Atlanta Hawks
Nov 24 2017,Orlando Magic,Boston Celtics
Nov 24 2017,Portland Trail Blazers,Brooklyn Nets
Nov 24 2017,Charlotte Hornets,Cleveland Cavaliers
Nov 24 2017,Memphis Grizzlies,Denver Nuggets
Nov 24 2017,Chicago Bulls,Golden State Warriors
Nov 24 2017,Toronto Raptors,Indiana Pacers
Nov 24 2017,Miami Heat,Minnesota Timberwolves
Nov 24 2017,Detroit Pistons,Oklahoma City Thunder
Nov 24 2017,New Orleans Pelicans,Phoenix Suns
Nov 25 2017,Toronto Raptors,Atlanta Hawks
Nov 25 2017,San Antonio Spurs,Charlotte Hornets
Nov 25 2017,Oklahoma City Thunder,Dallas Mavericks
Nov 25 2017,New Orleans Pelicans,Golden State Warriors
Nov 25 2017,New York Knicks,Houston Rockets
Nov 25 2017,Boston Celtics,Indiana Pacers
Nov 25 2017,Orlando Magic,Philadelphia 76ers
Nov 25 2017,Los Angeles Clippers,Sacramento Kings
Nov 25 2017,Milwaukee Bucks,Utah Jazz
Nov 25 2017,Portland Trail Blazers,Washington Wizards
Nov 26 2017,Miami Heat,Chicago Bulls
Nov 26 2017,Brooklyn Nets,Memphis Grizzlies
Nov 26 2017,Phoenix Suns,Minnesota Timberwolves
Nov 27 2017,Detroit Pistons,Boston Celtics
Nov 27 2017,Sacramento Kings,Golden State Warriors
Nov 27 2017,Brooklyn Nets,Houston Rockets
Nov 27 2017,Orlando Magic,Indiana Pacers
Nov 27 2017,Los Angeles Lakers,Los Angeles Clippers
Nov 27 2017,Portland Trail Blazers,New York Knicks
Nov 27 2017,Cleveland Cavaliers,Philadelphia 76ers
Nov 27 2017,Dallas Mavericks,San Antonio Spurs
Nov 28 2017,Phoenix Suns,Chicago Bulls
Nov 28 2017,Miami Heat,Cleveland Cavaliers
Nov 28 2017,Washington Wizards,Minnesota Timberwolves
Nov 28 2017,Milwaukee Bucks,Sacramento Kings
Nov 28 2017,Denver Nuggets,Utah Jazz
Nov 29 2017,Brooklyn Nets,Dallas Mavericks
Nov 29 2017,Phoenix Suns,Detroit Pistons
Nov 29 2017,Indiana Pacers,Houston Rockets
Nov 29 2017,Golden State Warriors,Los Angeles Lakers
Nov 29 2017,Minnesota Timberwolves,New Orleans Pelicans
Nov 29 2017,Miami Heat,New York Knicks
Nov 29 2017,Oklahoma City Thunder,Orlando Magic
Nov 29 2017,Washington Wizards,Philadelphia 76ers
Nov 29 2017,Memphis Grizzlies,San Antonio Spurs
Nov 29 2017,Charlotte Hornets,Toronto Raptors
Nov 30 2017,Cleveland Cavaliers,Atlanta Hawks
Nov 30 2017,Philadelphia 76ers,Boston Celtics
Nov 30 2017,Chicago Bulls,Denver Nuggets
Nov 30 2017,Utah Jazz,Los Angeles Clippers
Nov 30 2017,Milwaukee Bucks,Portland Trail Blazers
Dec 1 2017,Sacramento Kings,Chicago Bulls
Dec 1 2017,San Antonio Spurs,Memphis Grizzlies
Dec 1 2017,Charlotte Hornets,Miami Heat
Dec 1 2017,Minnesota Timberwolves,Oklahoma City Thunder
Dec 1 2017,Golden State Warriors,Orlando Magic
Dec 1 2017,Indiana Pacers,Toronto Raptors
Dec 1 2017,New Orleans Pelicans,Utah Jazz
Dec 1 2017,Detroit Pistons,Washington Wizards
Dec 2 2017,Phoenix Suns,Boston Celtics
Dec 2 2017,Atlanta Hawks,Brooklyn Nets
Dec 2 2017,Memphis Grizzlies,Cleveland Cavaliers
Dec 2 2017,Los Angeles Clippers,Dallas Mavericks
Dec 2 2017,Los Angeles Lakers,Denver Nuggets
Dec 2 2017,Sacramento Kings,Milwaukee Bucks
Dec 2 2017,Detroit Pistons,Philadelphia 76ers
Dec 2 2017,New Orleans Pelicans,Portland Trail Blazers
Dec 3 2017,Houston Rockets,Los Angeles Lakers
Dec 3 2017,Golden State Warriors,Miami Heat
Dec 3 2017,Los Angeles Clippers,Minnesota Timberwolves
Dec 3 2017,Orlando Magic,New York Knicks
Dec 3 2017,San Antonio Spurs,Oklahoma City Thunder
Dec 4 2017,Brooklyn Nets,Atlanta Hawks
Dec 4 2017,Milwaukee Bucks,Boston Celtics
Dec 4 2017,Cleveland Cavaliers,Chicago Bulls
Dec 4 2017,Orlando Magic,Charlotte Hornets
Dec 4 2017,Denver Nuggets,Dallas Mavericks
Dec 4 2017,New York Knicks,Indiana Pacers
Dec 4 2017,Minnesota Timberwolves,Memphis Grizzlies
Dec 4 2017,Golden State Warriors,New Orleans Pelicans
Dec 4 2017,Phoenix Suns,Philadelphia 76ers
Dec 4 2017,Detroit Pistons,San Antonio Spurs
Dec 4 2017,Washington Wizards,Utah Jazz
Dec 5 2017,Utah Jazz,Oklahoma City Thunder
Dec 5 2017,Washington Wizards,Portland Trail Blazers
Dec 5 2017,Phoenix Suns,Toronto Raptors
Dec 6 2017,Dallas Mavericks,Boston Celtics
Dec 6 2017,Golden State Warriors,Charlotte Hornets
Dec 6 2017,Sacramento Kings,Cleveland Cavaliers
Dec 6 2017,Chicago Bulls,Indiana Pacers
Dec 6 2017,Minnesota Timberwolves,Los Angeles Clippers
Dec 6 2017,Detroit Pistons,Milwaukee Bucks
Dec 6 2017,Denver Nuggets,New Orleans Pelicans
Dec 6 2017,Memphis Grizzlies,New York Knicks
Dec 6 2017,Atlanta Hawks,Orlando Magic
Dec 6 2017,Miami Heat,San Antonio Spurs
Dec 7 2017,Oklahoma City Thunder,Brooklyn Nets
Dec 7 2017,Los Angeles Lakers,Philadelphia 76ers
Dec 7 2017,Washington Wizards,Phoenix Suns
Dec 7 2017,Houston Rockets,Utah Jazz
Dec 8 2017,Chicago Bulls,Charlotte Hornets
Dec 8 2017,Golden State Warriors,Detroit Pistons
Dec 8 2017,Cleveland Cavaliers,Indiana Pacers
Dec 8 2017,Toronto Raptors,Memphis Grizzlies
Dec 8 2017,Dallas Mavericks,Milwaukee Bucks
Dec 8 2017,Sacramento Kings,New Orleans Pelicans
Dec 8 2017,Denver Nuggets,Orlando Magic
Dec 8 2017,Boston Celtics,San Antonio Spurs
Dec 9 2017,Orlando Magic,Atlanta Hawks
Dec 9 2017,Miami Heat,Brooklyn Nets
Dec 9 2017,New York Knicks,Chicago Bulls
Dec 9 2017,Los Angeles Lakers,Charlotte Hornets
Dec 9 2017,Philadelphia 76ers,Cleveland Cavaliers
Dec 9 2017,Washington Wizards,Los Angeles Clippers
Dec 9 2017,Oklahoma City Thunder,Memphis Grizzlies
Dec 9 2017,Utah Jazz,Milwaukee Bucks
Dec 9 2017,San Antonio Spurs,Phoenix Suns
Dec 9 2017,Houston Rockets,Portland Trail Blazers
Dec 10 2017,Boston Celtics,Detroit Pistons
Dec 10 2017,Denver Nuggets,Indiana Pacers
Dec 10 2017,Dallas Mavericks,Minnesota Timberwolves
Dec 10 2017,Philadelphia 76ers,New Orleans Pelicans
Dec 10 2017,Atlanta Hawks,New York Knicks
Dec 10 2017,Toronto Raptors,Sacramento Kings
Dec 11 2017,Boston Celtics,Chicago Bulls
Dec 11 2017,Portland Trail Blazers,Golden State Warriors
Dec 11 2017,New Orleans Pelicans,Houston Rockets
Dec 11 2017,Toronto Raptors,Los Angeles Clippers
Dec 11 2017,Miami Heat,Memphis Grizzlies
Dec 11 2017,Charlotte Hornets,Oklahoma City Thunder
Dec 12 2017,Washington Wizards,Brooklyn Nets
Dec 12 2017,Atlanta Hawks,Cleveland Cavaliers
Dec 12 2017,San Antonio Spurs,Dallas Mavericks
Dec 12 2017,Denver Nuggets,Detroit Pistons
Dec 12 2017,Philadelphia 76ers,Minnesota Timberwolves
Dec 12 2017,Los Angeles Lakers,New York Knicks
Dec 12 2017,Phoenix Suns,Sacramento Kings
Dec 13 2017,Denver Nuggets,Boston Celtics
Dec 13 2017,Utah Jazz,Chicago Bulls
Dec 13 2017,Charlotte Hornets,Houston Rockets
Dec 13 2017,Oklahoma City Thunder,Indiana Pacers
Dec 13 2017,Portland Trail Blazers,Miami Heat
Dec 13 2017,Milwaukee Bucks,New Orleans Pelicans
Dec 13 2017,Los Angeles Clippers,Orlando Magic
Dec 13 2017,Toronto Raptors,Phoenix Suns
Dec 13 2017,Memphis Grizzlies,Washington Wizards
Dec 14 2017,Detroit Pistons,Atlanta Hawks
Dec 14 2017,New York Knicks,Brooklyn Nets
Dec 14 2017,Los Angeles Lakers,Cleveland Cavaliers
Dec 14 2017,Dallas Mavericks,Golden State Warriors
Dec 14 2017,Sacramento Kings,Minnesota Timberwolves
Dec 15 2017,Utah Jazz,Boston Celtics
Dec 15 2017,Miami Heat,Charlotte Hornets
Dec 15 2017,New Orleans Pelicans,Denver Nuggets
Dec 15 2017,San Antonio Spurs,Houston Rockets
Dec 15 2017,Detroit Pistons,Indiana Pacers
Dec 15 2017,Atlanta Hawks,Memphis Grizzlies
Dec 15 2017,Chicago Bulls,Milwaukee Bucks
Dec 15 2017,Portland Trail Blazers,Orlando Magic
Dec 15 2017,Oklahoma City Thunder,Philadelphia 76ers
Dec 15 2017,Brooklyn Nets,Toronto Raptors
Dec 15 2017,Los Angeles Clippers,Washington Wizards
Dec 16 2017,Portland Trail Blazers,Charlotte Hornets
Dec 16 2017,Utah Jazz,Cleveland Cavaliers
Dec 16 2017,Milwaukee Bucks,Houston Rockets
Dec 16 2017,Boston Celtics,Memphis Grizzlies
Dec 16 2017,Los Angeles Clippers,Miami Heat
Dec 16 2017,Phoenix Suns,Minnesota Timberwolves
Dec 16 2017,Oklahoma City Thunder,New York Knicks
Dec 16 2017,Dallas Mavericks,San Antonio Spurs
Dec 17 2017,Indiana Pacers,Brooklyn Nets
Dec 17 2017,Orlando Magic,Detroit Pistons
Dec 17 2017,Sacramento Kings,Toronto Raptors
Dec 17 2017,Cleveland Cavaliers,Washington Wizards
Dec 18 2017,Miami Heat,Atlanta Hawks
Dec 18 2017,Philadelphia 76ers,Chicago Bulls
Dec 18 2017,New York Knicks,Charlotte Hornets
Dec 18 2017,Phoenix Suns,Dallas Mavericks
Dec 18 2017,Utah Jazz,Houston Rockets
Dec 18 2017,Boston Celtics,Indiana Pacers
Dec 18 2017,Golden State Warriors,Los Angeles Lakers
Dec 18 2017,Portland Trail Blazers,Minnesota Timberwolves
Dec 18 2017,Denver Nuggets,Oklahoma City Thunder
Dec 18 2017,Los Angeles Clippers,San Antonio Spurs
Dec 19 2017,Cleveland Cavaliers,Milwaukee Bucks
Dec 19 2017,Sacramento Kings,Philadelphia 76ers
Dec 19 2017,New Orleans Pelicans,Washington Wizards
Dec 20 2017,Indiana Pacers,Atlanta Hawks
Dec 20 2017,Miami Heat,Boston Celtics
Dec 20 2017,Sacramento Kings,Brooklyn Nets
Dec 20 2017,Orlando Magic,Chicago Bulls
Dec 20 2017,Toronto Raptors,Charlotte Hornets
Dec 20 2017,Detroit Pistons,Dallas Mavericks
Dec 20 2017,Minnesota Timberwolves,Denver Nuggets
Dec 20 2017,Memphis Grizzlies,Golden State Warriors
Dec 20 2017,Los Angeles Lakers,Houston Rockets
Dec 20 2017,Phoenix Suns,Los Angeles Clippers
Dec 20 2017,Utah Jazz,Oklahoma City Thunder
Dec 20 2017,San Antonio Spurs,Portland Trail Blazers
Dec 21 2017,Chicago Bulls,Cleveland Cavaliers
Dec 21 2017,Boston Celtics,New York Knicks
Dec 21 2017,Toronto Raptors,Philadelphia 76ers
Dec 21 2017,Memphis Grizzlies,Phoenix Suns
Dec 21 2017,San Antonio Spurs,Utah Jazz
Dec 22 2017,Washington Wizards,Brooklyn Nets
Dec 22 2017,New York Knicks,Detroit Pistons
Dec 22 2017,Los Angeles Lakers,Golden State Warriors
Dec 22 2017,Los Angeles Clippers,Houston Rockets
Dec 22 2017,Dallas Mavericks,Miami Heat
Dec 22 2017,Charlotte Hornets,Milwaukee Bucks
Dec 22 2017,Atlanta Hawks,Oklahoma City Thunder
Dec 22 2017,New Orleans Pelicans,Orlando Magic
Dec 22 2017,Denver Nuggets,Portland Trail Blazers
Dec 23 2017,Dallas Mavericks,Atlanta Hawks
Dec 23 2017,Chicago Bulls,Boston Celtics
Dec 23 2017,Milwaukee Bucks,Charlotte Hornets
Dec 23 2017,Denver Nuggets,Golden State Warriors
Dec 23 2017,Brooklyn Nets,Indiana Pacers
Dec 23 2017,Portland Trail Blazers,Los Angeles Lakers
Dec 23 2017,Los Angeles Clippers,Memphis Grizzlies
Dec 23 2017,New Orleans Pelicans,Miami Heat
Dec 23 2017,Minnesota Timberwolves,Phoenix Suns
Dec 23 2017,San Antonio Spurs,Sacramento Kings
Dec 23 2017,Philadelphia 76ers,Toronto Raptors
Dec 23 2017,Oklahoma City Thunder,Utah Jazz
Dec 23 2017,Orlando Magic,Washington Wizards
Dec 25 2017,Washington Wizards,Boston Celtics
Dec 25 2017,Cleveland Cavaliers,Golden State Warriors
Dec 25 2017,Minnesota Timberwolves,Los Angeles Lakers
Dec 25 2017,Philadelphia 76ers,New York Knicks
Dec 25 2017,Houston Rockets,Oklahoma City Thunder
Dec 26 2017,Toronto Raptors,Dallas Mavericks
Dec 26 2017,Utah Jazz,Denver Nuggets
Dec 26 2017,Indiana Pacers,Detroit Pistons
Dec 26 2017,Sacramento Kings,Los Angeles Clippers
Dec 26 2017,Orlando Magic,Miami Heat
Dec 26 2017,Chicago Bulls,Milwaukee Bucks
Dec 26 2017,Memphis Grizzlies,Phoenix Suns
Dec 26 2017,Brooklyn Nets,San Antonio Spurs
Dec 27 2017,Washington Wizards,Atlanta Hawks
Dec 27 2017,New York Knicks,Chicago Bulls
Dec 27 2017,Boston Celtics,Charlotte Hornets
Dec 27 2017,Utah Jazz,Golden State Warriors
Dec 27 2017,Dallas Mavericks,Indiana Pacers
Dec 27 2017,Memphis Grizzlies,Los Angeles Lakers
Dec 27 2017,Denver Nuggets,Minnesota Timberwolves
Dec 27 2017,Brooklyn Nets,New Orleans Pelicans
Dec 27 2017,Toronto Raptors,Oklahoma City Thunder
Dec 27 2017,Cleveland Cavaliers,Sacramento Kings
Dec 28 2017,Houston Rockets,Boston Celtics
Dec 28 2017,Minnesota Timberwolves,Milwaukee Bucks
Dec 28 2017,Detroit Pistons,Orlando Magic
Dec 28 2017,Philadelphia 76ers,Portland Trail Blazers
Dec 28 2017,New York Knicks,San Antonio Spurs
Dec 29 2017,Indiana Pacers,Chicago Bulls
Dec 29 2017,Charlotte Hornets,Golden State Warriors
Dec 29 2017,Los Angeles Clippers,Los Angeles Lakers
Dec 29 2017,Brooklyn Nets,Miami Heat
Dec 29 2017,Dallas Mavericks,New Orleans Pelicans
Dec 29 2017,Milwaukee Bucks,Oklahoma City Thunder
Dec 29 2017,Phoenix Suns,Sacramento Kings
Dec 29 2017,Atlanta Hawks,Toronto Raptors
Dec 29 2017,Houston Rockets,Washington Wizards
Dec 30 2017,Portland Trail Blazers,Atlanta Hawks
Dec 30 2017,Philadelphia 76ers,Denver Nuggets
Dec 30 2017,San Antonio Spurs,Detroit Pistons
Dec 30 2017,Memphis Grizzlies,Golden State Warriors
Dec 30 2017,New York Knicks,New Orleans Pelicans
Dec 30 2017,Miami Heat,Orlando Magic
Dec 30 2017,Cleveland Cavaliers,Utah Jazz
Dec 31 2017,Brooklyn Nets,Boston Celtics
Dec 31 2017,Los Angeles Lakers,Houston Rockets
Dec 31 2017,Minnesota Timberwolves,Indiana Pacers
Dec 31 2017,Charlotte Hornets,Los Angeles Clippers
Dec 31 2017,Dallas Mavericks,Oklahoma City Thunder
Dec 31 2017,Philadelphia 76ers,Phoenix Suns
Dec 31 2017,Memphis Grizzlies,Sacramento Kings
Dec 31 2017,Chicago Bulls,Washington Wizards
Jan 1 2018,Orlando Magic,Brooklyn Nets
Jan 1 2018,Portland Trail Blazers,Chicago Bulls
Jan 1 2018,Los Angeles Lakers,Minnesota Timberwolves
Jan 1 2018,Milwaukee Bucks,Toronto Raptors
Jan 2 2018,Portland Trail Blazers,Cleveland Cavaliers
Jan 2 2018,Memphis Grizzlies,Los Angeles Clippers
Jan 2 2018,San Antonio Spurs,New York Knicks
Jan 2 2018,Atlanta Hawks,Phoenix Suns
Jan 2 2018,Charlotte Hornets,Sacramento Kings
Jan 3 2018,Cleveland Cavaliers,Boston Celtics
Jan 3 2018,Minnesota Timberwolves,Brooklyn Nets
Jan 3 2018,Toronto Raptors,Chicago Bulls
Jan 3 2018,Golden State Warriors,Dallas Mavericks
Jan 3 2018,Phoenix Suns,Denver Nuggets
Jan 3 2018,Oklahoma City Thunder,Los Angeles Lakers
Jan 3 2018,Detroit Pistons,Miami Heat
Jan 3 2018,Indiana Pacers,Milwaukee Bucks
Jan 3 2018,Houston Rockets,Orlando Magic
Jan 3 2018,San Antonio Spurs,Philadelphia 76ers
Jan 3 2018,New Orleans Pelicans,Utah Jazz
Jan 3 2018,New York Knicks,Washington Wizards
Jan 4 2018,Golden State Warriors,Houston Rockets
Jan 4 2018,Oklahoma City Thunder,Los Angeles Clippers
Jan 5 2018,Minnesota Timberwolves,Boston Celtics
Jan 5 2018,Chicago Bulls,Dallas Mavericks
Jan 5 2018,Utah Jazz,Denver Nuggets
Jan 5 2018,Charlotte Hornets,Los Angeles Lakers
Jan 5 2018,Washington Wizards,Memphis Grizzlies
Jan 5 2018,New York Knicks,Miami Heat
Jan 5 2018,Toronto Raptors,Milwaukee Bucks
Jan 5 2018,Detroit Pistons,Philadelphia 76ers
Jan 5 2018,Atlanta Hawks,Portland Trail Blazers
Jan 5 2018,Phoenix Suns,San Antonio Spurs
Jan 6 2018,Boston Celtics,Brooklyn Nets
Jan 6 2018,Houston Rockets,Detroit Pistons
Jan 6 2018,Chicago Bulls,Indiana Pacers
Jan 6 2018,Golden State Warriors,Los Angeles Clippers
Jan 6 2018,New Orleans Pelicans,Minnesota Timberwolves
Jan 6 2018,Cleveland Cavaliers,Orlando Magic
Jan 6 2018,Denver Nuggets,Sacramento Kings
Jan 6 2018,Milwaukee Bucks,Washington Wizards
Jan 7 2018,New York Knicks,Dallas Mavericks
Jan 7 2018,Atlanta Hawks,Los Angeles Lakers
Jan 7 2018,Utah Jazz,Miami Heat
Jan 7 2018,Oklahoma City Thunder,Phoenix Suns
Jan 7 2018,San Antonio Spurs,Portland Trail Blazers
Jan 8 2018,Toronto Raptors,Brooklyn Nets
Jan 8 2018,Houston Rockets,Chicago Bulls
Jan 8 2018,Denver Nuggets,Golden State Warriors
Jan 8 2018,Milwaukee Bucks,Indiana Pacers
Jan 8 2018,Atlanta Hawks,Los Angeles Clippers
Jan 8 2018,Cleveland Cavaliers,Minnesota Timberwolves
Jan 8 2018,Detroit Pistons,New Orleans Pelicans
Jan 8 2018,San Antonio Spurs,Sacramento Kings
Jan 9 2018,Orlando Magic,Dallas Mavericks
Jan 9 2018,Sacramento Kings,Los Angeles Lakers
Jan 9 2018,Portland Trail Blazers,Oklahoma City Thunder
Jan 9 2018,Miami Heat,Toronto Raptors
Jan 10 2018,Detroit Pistons,Brooklyn Nets
Jan 10 2018,Dallas Mavericks,Charlotte Hornets
Jan 10 2018,Atlanta Hawks,Denver Nuggets
Jan 10 2018,Los Angeles Clippers,Golden State Warriors
Jan 10 2018,Portland Trail Blazers,Houston Rockets
Jan 10 2018,Miami Heat,Indiana Pacers
Jan 10 2018,New Orleans Pelicans,Memphis Grizzlies
Jan 10 2018,Orlando Magic,Milwaukee Bucks
Jan 10 2018,Oklahoma City Thunder,Minnesota Timberwolves
Jan 10 2018,Chicago Bulls,New York Knicks
Jan 10 2018,Utah Jazz,Washington Wizards
Jan 11 2018,San Antonio Spurs,Los Angeles Lakers
Jan 11 2018,Boston Celtics,Philadelphia 76ers
Jan 11 2018,Los Angeles Clippers,Sacramento Kings
Jan 11 2018,Cleveland Cavaliers,Toronto Raptors
Jan 12 2018,Brooklyn Nets,Atlanta Hawks
Jan 12 2018,Utah Jazz,Charlotte Hornets
Jan 12 2018,Memphis Grizzlies,Denver Nuggets
Jan 12 2018,Cleveland Cavaliers,Indiana Pacers
Jan 12 2018,Golden State Warriors,Milwaukee Bucks
Jan 12 2018,New York Knicks,Minnesota Timberwolves
Jan 12 2018,Portland Trail Blazers,New Orleans Pelicans
Jan 12 2018,Houston Rockets,Phoenix Suns
Jan 12 2018,Orlando Magic,Washington Wizards
Jan 13 2018,Detroit Pistons,Chicago Bulls
Jan 13 2018,Oklahoma City Thunder,Charlotte Hornets
Jan 13 2018,Los Angeles Lakers,Dallas Mavericks
Jan 13 2018,Sacramento Kings,Los Angeles Clippers
Jan 13 2018,Denver Nuggets,San Antonio Spurs
Jan 13 2018,Golden State Warriors,Toronto Raptors
Jan 13 2018,Brooklyn Nets,Washington Wizards
Jan 14 2018,Milwaukee Bucks,Miami Heat
Jan 14 2018,Portland Trail Blazers,Minnesota Timberwolves
Jan 14 2018,New Orleans Pelicans,New York Knicks
Jan 14 2018,Indiana Pacers,Phoenix Suns
Jan 15 2018,San Antonio Spurs,Atlanta Hawks
Jan 15 2018,New York Knicks,Brooklyn Nets
Jan 15 2018,Miami Heat,Chicago Bulls
Jan 15 2018,Golden State Warriors,Cleveland Cavaliers
Jan 15 2018,Charlotte Hornets,Detroit Pistons
Jan 15 2018,Houston Rockets,Los Angeles Clippers
Jan 15 2018,Los Angeles Lakers,Memphis Grizzlies
Jan 15 2018,Sacramento Kings,Oklahoma City Thunder
Jan 15 2018,Toronto Raptors,Philadelphia 76ers
Jan 15 2018,Indiana Pacers,Utah Jazz
Jan 15 2018,Milwaukee Bucks,Washington Wizards
Jan 16 2018,New Orleans Pelicans,Boston Celtics
Jan 16 2018,Dallas Mavericks,Denver Nuggets
Jan 16 2018,Minnesota Timberwolves,Orlando Magic
Jan 16 2018,Phoenix Suns,Portland Trail Blazers
Jan 17 2018,New Orleans Pelicans,Atlanta Hawks
Jan 17 2018,San Antonio Spurs,Brooklyn Nets
Jan 17 2018,Golden State Warriors,Chicago Bulls
Jan 17 2018,Washington Wizards,Charlotte Hornets
Jan 17 2018,Denver Nuggets,Los Angeles Clippers
Jan 17 2018,New York Knicks,Memphis Grizzlies
Jan 17 2018,Miami Heat,Milwaukee Bucks
Jan 17 2018,Los Angeles Lakers,Oklahoma City Thunder
Jan 17 2018,Utah Jazz,Sacramento Kings
Jan 17 2018,Detroit Pistons,Toronto Raptors
Jan 18 2018,Philadelphia 76ers,Boston Celtics
Jan 18 2018,Orlando Magic,Cleveland Cavaliers
Jan 18 2018,Minnesota Timberwolves,Houston Rockets
Jan 18 2018,Indiana Pacers,Portland Trail Blazers
Jan 19 2018,Miami Heat,Brooklyn Nets
Jan 19 2018,Phoenix Suns,Denver Nuggets
Jan 19 2018,Washington Wizards,Detroit Pistons
Jan 19 2018,Indiana Pacers,Los Angeles Lakers
Jan 19 2018,Sacramento Kings,Memphis Grizzlies
Jan 19 2018,San Antonio Spurs,Toronto Raptors
Jan 19 2018,New York Knicks,Utah Jazz
Jan 20 2018,Chicago Bulls,Atlanta Hawks
Jan 20 2018,Miami Heat,Charlotte Hornets
Jan 20 2018,Oklahoma City Thunder,Cleveland Cavaliers
Jan 20 2018,Golden State Warriors,Houston Rockets
Jan 20 2018,Toronto Raptors,Minnesota Timberwolves
Jan 20 2018,Memphis Grizzlies,New Orleans Pelicans
Jan 20 2018,Milwaukee Bucks,Philadelphia 76ers
Jan 20 2018,Dallas Mavericks,Portland Trail Blazers
Jan 20 2018,Los Angeles Clippers,Utah Jazz
Jan 21 2018,Orlando Magic,Boston Celtics
Jan 21 2018,Brooklyn Nets,Detroit Pistons
Jan 21 2018,New York Knicks,Los Angeles Lakers
Jan 21 2018,Indiana Pacers,San Antonio Spurs
Jan 22 2018,Utah Jazz,Atlanta Hawks
Jan 22 2018,Sacramento Kings,Charlotte Hornets
Jan 22 2018,Washington Wizards,Dallas Mavericks
Jan 22 2018,Portland Trail Blazers,Denver Nuggets
Jan 22 2018,Miami Heat,Houston Rockets
Jan 22 2018,Minnesota Timberwolves,Los Angeles Clippers
Jan 22 2018,Philadelphia 76ers,Memphis Grizzlies
Jan 22 2018,Phoenix Suns,Milwaukee Bucks
Jan 22 2018,Chicago Bulls,New Orleans Pelicans
Jan 23 2018,New York Knicks,Golden State Warriors
Jan 23 2018,Boston Celtics,Los Angeles Lakers
Jan 23 2018,Brooklyn Nets,Oklahoma City Thunder
Jan 23 2018,Sacramento Kings,Orlando Magic
Jan 23 2018,Cleveland Cavaliers,San Antonio Spurs
Jan 24 2018,Toronto Raptors,Atlanta Hawks
Jan 24 2018,New Orleans Pelicans,Charlotte Hornets
Jan 24 2018,Houston Rockets,Dallas Mavericks
Jan 24 2018,Utah Jazz,Detroit Pistons
Jan 24 2018,Phoenix Suns,Indiana Pacers
Jan 24 2018,Boston Celtics,Los Angeles Clippers
Jan 24 2018,San Antonio Spurs,Memphis Grizzlies
Jan 24 2018,Chicago Bulls,Philadelphia 76ers
Jan 24 2018,Minnesota Timberwolves,Portland Trail Blazers
Jan 25 2018,New York Knicks,Denver Nuggets
Jan 25 2018,Minnesota Timberwolves,Golden State Warriors
Jan 25 2018,Sacramento Kings,Miami Heat
Jan 25 2018,Washington Wizards,Oklahoma City Thunder
Jan 26 2018,Los Angeles Lakers,Chicago Bulls
Jan 26 2018,Atlanta Hawks,Charlotte Hornets
Jan 26 2018,Indiana Pacers,Cleveland Cavaliers
Jan 26 2018,Portland Trail Blazers,Dallas Mavericks
Jan 26 2018,Los Angeles Clippers,Memphis Grizzlies
Jan 26 2018,Brooklyn Nets,Milwaukee Bucks
Jan 26 2018,Houston Rockets,New Orleans Pelicans
Jan 26 2018,New York Knicks,Phoenix Suns
Jan 26 2018,Philadelphia 76ers,San Antonio Spurs
Jan 26 2018,Utah Jazz,Toronto Raptors
Jan 27 2018,Washington Wizards,Atlanta Hawks
Jan 27 2018,Dallas Mavericks,Denver Nuggets
Jan 27 2018,Oklahoma City Thunder,Detroit Pistons
Jan 27 2018,Boston Celtics,Golden State Warriors
Jan 27 2018,Orlando Magic,Indiana Pacers
Jan 27 2018,Charlotte Hornets,Miami Heat
Jan 27 2018,Brooklyn Nets,Minnesota Timberwolves
Jan 28 2018,Milwaukee Bucks,Chicago Bulls
Jan 28 2018,Detroit Pistons,Cleveland Cavaliers
Jan 28 2018,Phoenix Suns,Houston Rockets
Jan 28 2018,Los Angeles Clippers,New Orleans Pelicans
Jan 28 2018,Philadelphia 76ers,Oklahoma City Thunder
Jan 28 2018,Sacramento Kings,San Antonio Spurs
Jan 28 2018,Los Angeles Lakers,Toronto Raptors
Jan 29 2018,Minnesota Timberwolves,Atlanta Hawks
Jan 29 2018,Miami Heat,Dallas Mavericks
Jan 29 2018,Boston Celtics,Denver Nuggets
Jan 29 2018,Charlotte Hornets,Indiana Pacers
Jan 29 2018,Phoenix Suns,Memphis Grizzlies
Jan 29 2018,Philadelphia 76ers,Milwaukee Bucks
Jan 30 2018,Cleveland Cavaliers,Detroit Pistons
Jan 30 2018,Orlando Magic,Houston Rockets
Jan 30 2018,Portland Trail Blazers,Los Angeles Clippers
Jan 30 2018,Sacramento Kings,New Orleans Pelicans
Jan 30 2018,Brooklyn Nets,New York Knicks
Jan 30 2018,Denver Nuggets,San Antonio Spurs
Jan 30 2018,Minnesota Timberwolves,Toronto Raptors
Jan 30 2018,Golden State Warriors,Utah Jazz
Jan 30 2018,Oklahoma City Thunder,Washington Wizards
Jan 31 2018,Charlotte Hornets,Atlanta Hawks
Jan 31 2018,New York Knicks,Boston Celtics
Jan 31 2018,Philadelphia 76ers,Brooklyn Nets
Jan 31 2018,Miami Heat,Cleveland Cavaliers
Jan 31 2018,Memphis Grizzlies,Indiana Pacers
Jan 31 2018,Los Angeles Lakers,Orlando Magic
Jan 31 2018,Dallas Mavericks,Phoenix Suns
Jan 31 2018,Chicago Bulls,Portland Trail Blazers
Feb 1 2018,Oklahoma City Thunder,Denver Nuggets
Feb 1 2018,Memphis Grizzlies,Detroit Pistons
Feb 1 2018,Milwaukee Bucks,Minnesota Timberwolves
Feb 1 2018,Houston Rockets,San Antonio Spurs
Feb 1 2018,Toronto Raptors,Washington Wizards
Feb 2 2018,Atlanta Hawks,Boston Celtics
Feb 2 2018,Los Angeles Lakers,Brooklyn Nets
Feb 2 2018,Indiana Pacers,Charlotte Hornets
Feb 2 2018,New York Knicks,Milwaukee Bucks
Feb 2 2018,New Orleans Pelicans,Oklahoma City Thunder
Feb 2 2018,Miami Heat,Philadelphia 76ers
Feb 2 2018,Utah Jazz,Phoenix Suns
Feb 2 2018,Golden State Warriors,Sacramento Kings
Feb 2 2018,Portland Trail Blazers,Toronto Raptors
Feb 3 2018,Houston Rockets,Cleveland Cavaliers
Feb 3 2018,Golden State Warriors,Denver Nuggets
Feb 3 2018,Miami Heat,Detroit Pistons
Feb 3 2018,Philadelphia 76ers,Indiana Pacers
Feb 3 2018,Chicago Bulls,Los Angeles Clippers
Feb 3 2018,New Orleans Pelicans,Minnesota Timberwolves
Feb 3 2018,Washington Wizards,Orlando Magic
Feb 3 2018,Dallas Mavericks,Sacramento Kings
Feb 3 2018,Utah Jazz,San Antonio Spurs
Feb 4 2018,Portland Trail Blazers,Boston Celtics
Feb 4 2018,Milwaukee Bucks,Brooklyn Nets
Feb 4 2018,Atlanta Hawks,New York Knicks
Feb 4 2018,Los Angeles Lakers,Oklahoma City Thunder
Feb 4 2018,Charlotte Hornets,Phoenix Suns
Feb 4 2018,Memphis Grizzlies,Toronto Raptors
Feb 5 2018,Charlotte Hornets,Denver Nuggets
Feb 5 2018,Portland Trail Blazers,Detroit Pistons
Feb 5 2018,Washington Wizards,Indiana Pacers
Feb 5 2018,Dallas Mavericks,Los Angeles Clippers
Feb 5 2018,Orlando Magic,Miami Heat
Feb 5 2018,Utah Jazz,New Orleans Pelicans
Feb 5 2018,Chicago Bulls,Sacramento Kings
Feb 6 2018,Memphis Grizzlies,Atlanta Hawks
Feb 6 2018,Houston Rockets,Brooklyn Nets
Feb 6 2018,Oklahoma City Thunder,Golden State Warriors
Feb 6 2018,Phoenix Suns,Los Angeles Lakers
Feb 6 2018,Milwaukee Bucks,New York Knicks
Feb 6 2018,Cleveland Cavaliers,Orlando Magic
Feb 6 2018,Washington Wizards,Philadelphia 76ers
Feb 6 2018,Boston Celtics,Toronto Raptors
Feb 7 2018,Minnesota Timberwolves,Cleveland Cavaliers
Feb 7 2018,Brooklyn Nets,Detroit Pistons
Feb 7 2018,Utah Jazz,Memphis Grizzlies
Feb 7 2018,Houston Rockets,Miami Heat
Feb 7 2018,Indiana Pacers,New Orleans Pelicans
Feb 7 2018,San Antonio Spurs,Phoenix Suns
Feb 8 2018,Dallas Mavericks,Golden State Warriors
Feb 8 2018,Oklahoma City Thunder,Los Angeles Lakers
Feb 8 2018,Atlanta Hawks,Orlando Magic
Feb 8 2018,Charlotte Hornets,Portland Trail Blazers
Feb 8 2018,New York Knicks,Toronto Raptors
Feb 8 2018,Boston Celtics,Washington Wizards
Feb 9 2018,Cleveland Cavaliers,Atlanta Hawks
Feb 9 2018,Indiana Pacers,Boston Celtics
Feb 9 2018,Minnesota Timberwolves,Chicago Bulls
Feb 9 2018,Los Angeles Clippers,Detroit Pistons
Feb 9 2018,Denver Nuggets,Houston Rockets
Feb 9 2018,Milwaukee Bucks,Miami Heat
Feb 9 2018,New Orleans Pelicans,Philadelphia 76ers
Feb 9 2018,Portland Trail Blazers,Sacramento Kings
Feb 9 2018,Charlotte Hornets,Utah Jazz
Feb 10 2018,New Orleans Pelicans,Brooklyn Nets
Feb 10 2018,Washington Wizards,Chicago Bulls
Feb 10 2018,Los Angeles Lakers,Dallas Mavericks
Feb 10 2018,San Antonio Spurs,Golden State Warriors
Feb 10 2018,Milwaukee Bucks,Orlando Magic
Feb 10 2018,Los Angeles Clippers,Philadelphia 76ers
Feb 10 2018,Denver Nuggets,Phoenix Suns
Feb 11 2018,Detroit Pistons,Atlanta Hawks
Feb 11 2018,Cleveland Cavaliers,Boston Celtics
Feb 11 2018,Toronto Raptors,Charlotte Hornets
Feb 11 2018,Dallas Mavericks,Houston Rockets
Feb 11 2018,New York Knicks,Indiana Pacers
Feb 11 2018,Sacramento Kings,Minnesota Timberwolves
Feb 11 2018,Memphis Grizzlies,Oklahoma City Thunder
Feb 11 2018,Utah Jazz,Portland Trail Blazers
Feb 12 2018,Los Angeles Clippers,Brooklyn Nets
Feb 12 2018,Orlando Magic,Chicago Bulls
Feb 12 2018,New Orleans Pelicans,Detroit Pistons
Feb 12 2018,Phoenix Suns,Golden State Warriors
Feb 12 2018,New York Knicks,Philadelphia 76ers
Feb 12 2018,San Antonio Spurs,Utah Jazz
Feb 13 2018,Sacramento Kings,Dallas Mavericks
Feb 13 2018,San Antonio Spurs,Denver Nuggets
Feb 13 2018,Atlanta Hawks,Milwaukee Bucks
Feb 13 2018,Houston Rockets,Minnesota Timberwolves
Feb 13 2018,Cleveland Cavaliers,Oklahoma City Thunder
Feb 13 2018,Miami Heat,Toronto Raptors
Feb 14 2018,Los Angeles Clippers,Boston Celtics
Feb 14 2018,Indiana Pacers,Brooklyn Nets
Feb 14 2018,Toronto Raptors,Chicago Bulls
Feb 14 2018,Atlanta Hawks,Detroit Pistons
Feb 14 2018,Sacramento Kings,Houston Rockets
Feb 14 2018,Oklahoma City Thunder,Memphis Grizzlies
Feb 14 2018,Los Angeles Lakers,New Orleans Pelicans
Feb 14 2018,Washington Wizards,New York Knicks
Feb 14 2018,Charlotte Hornets,Orlando Magic
Feb 14 2018,Miami Heat,Philadelphia 76ers
Feb 14 2018,Golden State Warriors,Portland Trail Blazers
Feb 14 2018,Phoenix Suns,Utah Jazz
Feb 15 2018,Denver Nuggets,Milwaukee Bucks
Feb 15 2018,Los Angeles Lakers,Minnesota Timberwolves
Feb 22 2018,Philadelphia 76ers,Chicago Bulls
Feb 22 2018,Brooklyn Nets,Charlotte Hornets
Feb 22 2018,Washington Wizards,Cleveland Cavaliers
Feb 22 2018,Los Angeles Clippers,Golden State Warriors
Feb 22 2018,New York Knicks,Orlando Magic
Feb 22 2018,Oklahoma City Thunder,Sacramento Kings
Feb 23 2018,San Antonio Spurs,Denver Nuggets
Feb 23 2018,Boston Celtics,Detroit Pistons
Feb 23 2018,Minnesota Timberwolves,Houston Rockets
Feb 23 2018,Atlanta Hawks,Indiana Pacers
Feb 23 2018,Dallas Mavericks,Los Angeles Lakers
Feb 23 2018,Cleveland Cavaliers,Memphis Grizzlies
Feb 23 2018,Miami Heat,New Orleans Pelicans
Feb 23 2018,Los Angeles Clippers,Phoenix Suns
Feb 23 2018,Milwaukee Bucks,Toronto Raptors
Feb 23 2018,Portland Trail Blazers,Utah Jazz
Feb 23 2018,Charlotte Hornets,Washington Wizards
Feb 24 2018,Oklahoma City Thunder,Golden State Warriors
Feb 24 2018,Memphis Grizzlies,Miami Heat
Feb 24 2018,Chicago Bulls,Minnesota Timberwolves
Feb 24 2018,Boston Celtics,New York Knicks
Feb 24 2018,Orlando Magic,Philadelphia 76ers
Feb 24 2018,Portland Trail Blazers,Phoenix Suns
Feb 24 2018,Los Angeles Lakers,Sacramento Kings
Feb 24 2018,Dallas Mavericks,Utah Jazz
Feb 25 2018,Detroit Pistons,Charlotte Hornets
Feb 25 2018,San Antonio Spurs,Cleveland Cavaliers
Feb 25 2018,Houston Rockets,Denver Nuggets
Feb 25 2018,New Orleans Pelicans,Milwaukee Bucks
Feb 25 2018,Philadelphia 76ers,Washington Wizards
Feb 26 2018,Los Angeles Lakers,Atlanta Hawks
Feb 26 2018,Memphis Grizzlies,Boston Celtics
Feb 26 2018,Chicago Bulls,Brooklyn Nets
Feb 26 2018,Indiana Pacers,Dallas Mavericks
Feb 26 2018,Phoenix Suns,New Orleans Pelicans
Feb 26 2018,Golden State Warriors,New York Knicks
Feb 26 2018,Orlando Magic,Oklahoma City Thunder
Feb 26 2018,Minnesota Timberwolves,Sacramento Kings
Feb 26 2018,Detroit Pistons,Toronto Raptors
Feb 26 2018,Houston Rockets,Utah Jazz
Feb 27 2018,Chicago Bulls,Charlotte Hornets
Feb 27 2018,Brooklyn Nets,Cleveland Cavaliers
Feb 27 2018,Los Angeles Clippers,Denver Nuggets
Feb 27 2018,Philadelphia 76ers,Miami Heat
Feb 27 2018,Washington Wizards,Milwaukee Bucks
Feb 27 2018,Sacramento Kings,Portland Trail Blazers
Feb 28 2018,Indiana Pacers,Atlanta Hawks
Feb 28 2018,Charlotte Hornets,Boston Celtics
Feb 28 2018,Oklahoma City Thunder,Dallas Mavericks
Feb 28 2018,Milwaukee Bucks,Detroit Pistons
Feb 28 2018,Houston Rockets,Los Angeles Clippers
Feb 28 2018,Phoenix Suns,Memphis Grizzlies
Feb 28 2018,Toronto Raptors,Orlando Magic
Feb 28 2018,New Orleans Pelicans,San Antonio Spurs
Feb 28 2018,Golden State Warriors,Washington Wizards
Mar 1 2018,Philadelphia 76ers,Cleveland Cavaliers
Mar 1 2018,Los Angeles Lakers,Miami Heat
Mar 1 2018,Minnesota Timberwolves,Portland Trail Blazers
Mar 1 2018,Brooklyn Nets,Sacramento Kings
Mar 2 2018,Golden State Warriors,Atlanta Hawks
Mar 2 2018,Dallas Mavericks,Chicago Bulls
Mar 2 2018,New York Knicks,Los Angeles Clippers
Mar 2 2018,Denver Nuggets,Memphis Grizzlies
Mar 2 2018,Indiana Pacers,Milwaukee Bucks
Mar 2 2018,Detroit Pistons,Orlando Magic
Mar 2 2018,Charlotte Hornets,Philadelphia 76ers
Mar 2 2018,Oklahoma City Thunder,Phoenix Suns
Mar 2 2018,Minnesota Timberwolves,Utah Jazz
Mar 2 2018,Toronto Raptors,Washington Wizards
Mar 3 2018,Denver Nuggets,Cleveland Cavaliers
Mar 3 2018,Boston Celtics,Houston Rockets
Mar 3 2018,Detroit Pistons,Miami Heat
Mar 3 2018,Memphis Grizzlies,Orlando Magic
Mar 3 2018,Oklahoma City Thunder,Portland Trail Blazers
Mar 3 2018,Utah Jazz,Sacramento Kings
Mar 3 2018,Los Angeles Lakers,San Antonio Spurs
Mar 4 2018,Phoenix Suns,Atlanta Hawks
Mar 4 2018,New Orleans Pelicans,Dallas Mavericks
Mar 4 2018,Brooklyn Nets,Los Angeles Clippers
Mar 4 2018,Philadelphia 76ers,Milwaukee Bucks
Mar 4 2018,New York Knicks,Sacramento Kings
Mar 4 2018,Charlotte Hornets,Toronto Raptors
Mar 4 2018,Indiana Pacers,Washington Wizards
Mar 5 2018,Boston Celtics,Chicago Bulls
Mar 5 2018,Detroit Pistons,Cleveland Cavaliers
Mar 5 2018,Milwaukee Bucks,Indiana Pacers
Mar 5 2018,Portland Trail Blazers,Los Angeles Lakers
Mar 5 2018,Phoenix Suns,Miami Heat
Mar 5 2018,Memphis Grizzlies,San Antonio Spurs
Mar 5 2018,Orlando Magic,Utah Jazz
Mar 6 2018,Philadelphia 76ers,Charlotte Hornets
Mar 6 2018,Denver Nuggets,Dallas Mavericks
Mar 6 2018,Brooklyn Nets,Golden State Warriors
Mar 6 2018,New Orleans Pelicans,Los Angeles Clippers
Mar 6 2018,Houston Rockets,Oklahoma City Thunder
Mar 6 2018,New York Knicks,Portland Trail Blazers
Mar 6 2018,Atlanta Hawks,Toronto Raptors
Mar 6 2018,Miami Heat,Washington Wizards
Mar 7 2018,Memphis Grizzlies,Chicago Bulls
Mar 7 2018,Cleveland Cavaliers,Denver Nuggets
Mar 7 2018,Toronto Raptors,Detroit Pistons
Mar 7 2018,Utah Jazz,Indiana Pacers
Mar 7 2018,Orlando Magic,Los Angeles Lakers
Mar 7 2018,Houston Rockets,Milwaukee Bucks
Mar 7 2018,New Orleans Pelicans,Sacramento Kings
Mar 8 2018,Brooklyn Nets,Charlotte Hornets
Mar 8 2018,San Antonio Spurs,Golden State Warriors
Mar 8 2018,Philadelphia 76ers,Miami Heat
Mar 8 2018,Boston Celtics,Minnesota Timberwolves
Mar 8 2018,Phoenix Suns,Oklahoma City Thunder
Mar 9 2018,Los Angeles Lakers,Denver Nuggets
Mar 9 2018,Chicago Bulls,Detroit Pistons
Mar 9 2018,Atlanta Hawks,Indiana Pacers
Mar 9 2018,Cleveland Cavaliers,Los Angeles Clippers
Mar 9 2018,Utah Jazz,Memphis Grizzlies
Mar 9 2018,New York Knicks,Milwaukee Bucks
Mar 9 2018,Washington Wizards,New Orleans Pelicans
Mar 9 2018,Golden State Warriors,Portland Trail Blazers
Mar 9 2018,Orlando Magic,Sacramento Kings
Mar 9 2018,Houston Rockets,Toronto Raptors
Mar 10 2018,Phoenix Suns,Charlotte Hornets
Mar 10 2018,Memphis Grizzlies,Dallas Mavericks
Mar 10 2018,Orlando Magic,Los Angeles Clippers
Mar 10 2018,Washington Wizards,Miami Heat
Mar 10 2018,San Antonio Spurs,Oklahoma City Thunder
Mar 11 2018,Chicago Bulls,Atlanta Hawks
Mar 11 2018,Indiana Pacers,Boston Celtics
Mar 11 2018,Philadelphia 76ers,Brooklyn Nets
Mar 11 2018,Houston Rockets,Dallas Mavericks
Mar 11 2018,Sacramento Kings,Denver Nuggets
Mar 11 2018,Cleveland Cavaliers,Los Angeles Lakers
Mar 11 2018,Golden State Warriors,Minnesota Timberwolves
Mar 11 2018,Utah Jazz,New Orleans Pelicans
Mar 11 2018,Toronto Raptors,New York Knicks
Mar 12 2018,San Antonio Spurs,Houston Rockets
Mar 12 2018,Milwaukee Bucks,Memphis Grizzlies
Mar 12 2018,Sacramento Kings,Oklahoma City Thunder
Mar 12 2018,Miami Heat,Portland Trail Blazers
Mar 13 2018,Oklahoma City Thunder,Atlanta Hawks
Mar 13 2018,Toronto Raptors,Brooklyn Nets
Mar 13 2018,Los Angeles Clippers,Chicago Bulls
Mar 13 2018,Denver Nuggets,Los Angeles Lakers
Mar 13 2018,Charlotte Hornets,New Orleans Pelicans
Mar 13 2018,Dallas Mavericks,New York Knicks
Mar 13 2018,Indiana Pacers,Philadelphia 76ers
Mar 13 2018,Cleveland Cavaliers,Phoenix Suns
Mar 13 2018,Orlando Magic,San Antonio Spurs
Mar 13 2018,Detroit Pistons,Utah Jazz
Mar 13 2018,Minnesota Timberwolves,Washington Wizards
Mar 14 2018,Washington Wizards,Boston Celtics
Mar 14 2018,Los Angeles Lakers,Golden State Warriors
Mar 14 2018,Milwaukee Bucks,Orlando Magic
Mar 14 2018,Miami Heat,Sacramento Kings
Mar 15 2018,Charlotte Hornets,Atlanta Hawks
Mar 15 2018,Detroit Pistons,Denver Nuggets
Mar 15 2018,Los Angeles Clippers,Houston Rockets
Mar 15 2018,Toronto Raptors,Indiana Pacers
Mar 15 2018,Chicago Bulls,Memphis Grizzlies
Mar 15 2018,Philadelphia 76ers,New York Knicks
Mar 15 2018,Cleveland Cavaliers,Portland Trail Blazers
Mar 15 2018,New Orleans Pelicans,San Antonio Spurs
Mar 15 2018,Phoenix Suns,Utah Jazz
Mar 16 2018,Sacramento Kings,Golden State Warriors
Mar 16 2018,Miami Heat,Los Angeles Lakers
Mar 16 2018,Los Angeles Clippers,Oklahoma City Thunder
Mar 16 2018,Boston Celtics,Orlando Magic
Mar 16 2018,Brooklyn Nets,Philadelphia 76ers
Mar 16 2018,Dallas Mavericks,Toronto Raptors
Mar 17 2018,Dallas Mavericks,Brooklyn Nets
Mar 17 2018,Cleveland Cavaliers,Chicago Bulls
Mar 17 2018,Denver Nuggets,Memphis Grizzlies
Mar 17 2018,Atlanta Hawks,Milwaukee Bucks
Mar 17 2018,Houston Rockets,New Orleans Pelicans
Mar 17 2018,Charlotte Hornets,New York Knicks
Mar 17 2018,Golden State Warriors,Phoenix Suns
Mar 17 2018,Detroit Pistons,Portland Trail Blazers
Mar 17 2018,Minnesota Timberwolves,San Antonio Spurs
Mar 17 2018,Sacramento Kings,Utah Jazz
Mar 17 2018,Indiana Pacers,Washington Wizards
Mar 18 2018,Portland Trail Blazers,Los Angeles Clippers
Mar 18 2018,Houston Rockets,Minnesota Timberwolves
Mar 18 2018,Boston Celtics,New Orleans Pelicans
Mar 18 2018,Oklahoma City Thunder,Toronto Raptors
Mar 19 2018,Memphis Grizzlies,Brooklyn Nets
Mar 19 2018,Milwaukee Bucks,Cleveland Cavaliers
Mar 19 2018,Los Angeles Lakers,Indiana Pacers
Mar 19 2018,Denver Nuggets,Miami Heat
Mar 19 2018,Chicago Bulls,New York Knicks
Mar 19 2018,Charlotte Hornets,Philadelphia 76ers
Mar 19 2018,Detroit Pistons,Sacramento Kings
Mar 19 2018,Golden State Warriors,San Antonio Spurs
Mar 20 2018,Oklahoma City Thunder,Boston Celtics
Mar 20 2018,Los Angeles Clippers,Minnesota Timberwolves
Mar 20 2018,Dallas Mavericks,New Orleans Pelicans
Mar 20 2018,Toronto Raptors,Orlando Magic
Mar 20 2018,Detroit Pistons,Phoenix Suns
Mar 20 2018,Houston Rockets,Portland Trail Blazers
Mar 20 2018,Atlanta Hawks,Utah Jazz
Mar 21 2018,Charlotte Hornets,Brooklyn Nets
Mar 21 2018,Denver Nuggets,Chicago Bulls
Mar 21 2018,Toronto Raptors,Cleveland Cavaliers
Mar 21 2018,New York Knicks,Miami Heat
Mar 21 2018,Los Angeles Clippers,Milwaukee Bucks
Mar 21 2018,Memphis Grizzlies,Philadelphia 76ers
Mar 21 2018,Washington Wizards,San Antonio Spurs
Mar 22 2018,Memphis Grizzlies,Charlotte Hornets
Mar 22 2018,Utah Jazz,Dallas Mavericks
Mar 22 2018,Detroit Pistons,Houston Rockets
Mar 22 2018,Los Angeles Lakers,New Orleans Pelicans
Mar 22 2018,Philadelphia 76ers,Orlando Magic
Mar 22 2018,Atlanta Hawks,Sacramento Kings
Mar 23 2018,Milwaukee Bucks,Chicago Bulls
Mar 23 2018,Phoenix Suns,Cleveland Cavaliers
Mar 23 2018,Atlanta Hawks,Golden State Warriors
Mar 23 2018,Los Angeles Clippers,Indiana Pacers
Mar 23 2018,Minnesota Timberwolves,New York Knicks
Mar 23 2018,Miami Heat,Oklahoma City Thunder
Mar 23 2018,Boston Celtics,Portland Trail Blazers
Mar 23 2018,Utah Jazz,San Antonio Spurs
Mar 23 2018,Brooklyn Nets,Toronto Raptors
Mar 23 2018,Denver Nuggets,Washington Wizards
Mar 24 2018,Charlotte Hornets,Dallas Mavericks
Mar 24 2018,Chicago Bulls,Detroit Pistons
Mar 24 2018,New Orleans Pelicans,Houston Rockets
Mar 24 2018,Los Angeles Lakers,Memphis Grizzlies
Mar 24 2018,Phoenix Suns,Orlando Magic
Mar 24 2018,Minnesota Timberwolves,Philadelphia 76ers
Mar 25 2018,Cleveland Cavaliers,Brooklyn Nets
Mar 25 2018,Utah Jazz,Golden State Warriors
Mar 25 2018,Atlanta Hawks,Houston Rockets
Mar 25 2018,Miami Heat,Indiana Pacers
Mar 25 2018,San Antonio Spurs,Milwaukee Bucks
Mar 25 2018,Portland Trail Blazers,Oklahoma City Thunder
Mar 25 2018,Boston Celtics,Sacramento Kings
Mar 25 2018,Los Angeles Clippers,Toronto Raptors
Mar 25 2018,New York Knicks,Washington Wizards
Mar 26 2018,New York Knicks,Charlotte Hornets
Mar 26 2018,Los Angeles Lakers,Detroit Pistons
Mar 26 2018,Memphis Grizzlies,Minnesota Timberwolves
Mar 26 2018,Denver Nuggets,Philadelphia 76ers
Mar 26 2018,Boston Celtics,Phoenix Suns
Mar 27 2018,Indiana Pacers,Golden State Warriors
Mar 27 2018,Chicago Bulls,Houston Rockets
Mar 27 2018,Milwaukee Bucks,Los Angeles Clippers
Mar 27 2018,Cleveland Cavaliers,Miami Heat
Mar 27 2018,Portland Trail Blazers,New Orleans Pelicans
Mar 27 2018,Dallas Mavericks,Sacramento Kings
Mar 27 2018,Denver Nuggets,Toronto Raptors
Mar 27 2018,San Antonio Spurs,Washington Wizards
Mar 28 2018,Cleveland Cavaliers,Charlotte Hornets
Mar 28 2018,Dallas Mavericks,Los Angeles Lakers
Mar 28 2018,Portland Trail Blazers,Memphis Grizzlies
Mar 28 2018,Atlanta Hawks,Minnesota Timberwolves
Mar 28 2018,Brooklyn Nets,Orlando Magic
Mar 28 2018,New York Knicks,Philadelphia 76ers
Mar 28 2018,Los Angeles Clippers,Phoenix Suns
Mar 28 2018,Boston Celtics,Utah Jazz
Mar 29 2018,Washington Wizards,Detroit Pistons
Mar 29 2018,Milwaukee Bucks,Golden State Warriors
Mar 29 2018,Chicago Bulls,Miami Heat
Mar 29 2018,Indiana Pacers,Sacramento Kings
Mar 29 2018,Oklahoma City Thunder,San Antonio Spurs
Mar 30 2018,Philadelphia 76ers,Atlanta Hawks
Mar 30 2018,New Orleans Pelicans,Cleveland Cavaliers
Mar 30 2018,Minnesota Timberwolves,Dallas Mavericks
Mar 30 2018,Phoenix Suns,Houston Rockets
Mar 30 2018,Milwaukee Bucks,Los Angeles Lakers
Mar 30 2018,Denver Nuggets,Oklahoma City Thunder
Mar 30 2018,Chicago Bulls,Orlando Magic
Mar 30 2018,Los Angeles Clippers,Portland Trail Blazers
Mar 30 2018,Memphis Grizzlies,Utah Jazz
Mar 31 2018,Toronto Raptors,Boston Celtics
Mar 31 2018,Brooklyn Nets,Miami Heat
Mar 31 2018,Detroit Pistons,New York Knicks
Mar 31 2018,Golden State Warriors,Sacramento Kings
Mar 31 2018,Charlotte Hornets,Washington Wizards
Apr 1 2018,Orlando Magic,Atlanta Hawks
Apr 1 2018,Detroit Pistons,Brooklyn Nets
Apr 1 2018,Washington Wizards,Chicago Bulls
Apr 1 2018,Philadelphia 76ers,Charlotte Hornets
Apr 1 2018,Dallas Mavericks,Cleveland Cavaliers
Apr 1 2018,Milwaukee Bucks,Denver Nuggets
Apr 1 2018,Phoenix Suns,Golden State Warriors
Apr 1 2018,Indiana Pacers,Los Angeles Clippers
Apr 1 2018,Sacramento Kings,Los Angeles Lakers
Apr 1 2018,Utah Jazz,Minnesota Timberwolves
Apr 1 2018,Oklahoma City Thunder,New Orleans Pelicans
Apr 1 2018,Memphis Grizzlies,Portland Trail Blazers
Apr 1 2018,Houston Rockets,San Antonio Spurs
Apr 3 2018,Charlotte Hornets,Chicago Bulls
Apr 3 2018,Toronto Raptors,Cleveland Cavaliers
Apr 3 2018,Portland Trail Blazers,Dallas Mavericks
Apr 3 2018,Indiana Pacers,Denver Nuggets
Apr 3 2018,Washington Wizards,Houston Rockets
Apr 3 2018,San Antonio Spurs,Los Angeles Clippers
Apr 3 2018,Atlanta Hawks,Miami Heat
Apr 3 2018,Boston Celtics,Milwaukee Bucks
Apr 3 2018,Orlando Magic,New York Knicks
Apr 3 2018,Golden State Warriors,Oklahoma City Thunder
Apr 3 2018,Brooklyn Nets,Philadelphia 76ers
Apr 3 2018,Sacramento Kings,Phoenix Suns
Apr 3 2018,Los Angeles Lakers,Utah Jazz
Apr 4 2018,Miami Heat,Atlanta Hawks
Apr 4 2018,Philadelphia 76ers,Detroit Pistons
Apr 4 2018,San Antonio Spurs,Los Angeles Lakers
Apr 4 2018,Memphis Grizzlies,New Orleans Pelicans
Apr 4 2018,Dallas Mavericks,Orlando Magic
Apr 4 2018,Boston Celtics,Toronto Raptors
Apr 5 2018,Washington Wizards,Cleveland Cavaliers
Apr 5 2018,Minnesota Timberwolves,Denver Nuggets
Apr 5 2018,Portland Trail Blazers,Houston Rockets
Apr 5 2018,Golden State Warriors,Indiana Pacers
Apr 5 2018,Brooklyn Nets,Milwaukee Bucks
Apr 5 2018,Los Angeles Clippers,Utah Jazz
Apr 6 2018,Chicago Bulls,Boston Celtics
Apr 6 2018,Dallas Mavericks,Detroit Pistons
Apr 6 2018,Minnesota Timberwolves,Los Angeles Lakers
Apr 6 2018,Sacramento Kings,Memphis Grizzlies
Apr 6 2018,Miami Heat,New York Knicks
Apr 6 2018,Charlotte Hornets,Orlando Magic
Apr 6 2018,Cleveland Cavaliers,Philadelphia 76ers
Apr 6 2018,New Orleans Pelicans,Phoenix Suns
Apr 6 2018,Indiana Pacers,Toronto Raptors
Apr 6 2018,Atlanta Hawks,Washington Wizards
Apr 7 2018,Brooklyn Nets,Chicago Bulls
Apr 7 2018,New Orleans Pelicans,Golden State Warriors
Apr 7 2018,Oklahoma City Thunder,Houston Rockets
Apr 7 2018,Denver Nuggets,Los Angeles Clippers
Apr 7 2018,Milwaukee Bucks,New York Knicks
Apr 7 2018,Portland Trail Blazers,San Antonio Spurs
Apr 8 2018,Atlanta Hawks,Boston Celtics
Apr 8 2018,Indiana Pacers,Charlotte Hornets
Apr 8 2018,Utah Jazz,Los Angeles Lakers
Apr 8 2018,Detroit Pistons,Memphis Grizzlies
Apr 8 2018,Dallas Mavericks,Philadelphia 76ers
Apr 8 2018,Golden State Warriors,Phoenix Suns
Apr 8 2018,Orlando Magic,Toronto Raptors
Apr 9 2018,Chicago Bulls,Brooklyn Nets
Apr 9 2018,Portland Trail Blazers,Denver Nuggets
Apr 9 2018,Toronto Raptors,Detroit Pistons
Apr 9 2018,New Orleans Pelicans,Los Angeles Clippers
Apr 9 2018,Oklahoma City Thunder,Miami Heat
Apr 9 2018,Orlando Magic,Milwaukee Bucks
Apr 9 2018,Memphis Grizzlies,Minnesota Timberwolves
Apr 9 2018,Cleveland Cavaliers,New York Knicks
Apr 9 2018,Sacramento Kings,San Antonio Spurs
Apr 10 2018,Philadelphia 76ers,Atlanta Hawks
Apr 10 2018,Phoenix Suns,Dallas Mavericks
Apr 10 2018,Charlotte Hornets,Indiana Pacers
Apr 10 2018,Houston Rockets,Los Angeles Lakers
Apr 10 2018,Golden State Warriors,Utah Jazz
Apr 10 2018,Boston Celtics,Washington Wizards
Apr 11 2018,Brooklyn Nets,Boston Celtics
Apr 11 2018,Detroit Pistons,Chicago Bulls
Apr 11 2018,New York Knicks,Cleveland Cavaliers
Apr 11 2018,Los Angeles Lakers,Los Angeles Clippers
Apr 11 2018,Toronto Raptors,Miami Heat
Apr 11 2018,Denver Nuggets,Minnesota Timberwolves
Apr 11 2018,San Antonio Spurs,New Orleans Pelicans
Apr 11 2018,Memphis Grizzlies,Oklahoma City Thunder
Apr 11 2018,Washington Wizards,Orlando Magic
Apr 11 2018,Milwaukee Bucks,Philadelphia 76ers
Apr 11 2018,Utah Jazz,Portland Trail Blazers
Apr 11 2018,Houston Rockets,Sacramento Kings